{
  "timestamp": "2026-02-14T03:28:24.903664",
  "processed": 750,
  "total": 783,
  "successful": 545,
  "elapsed_minutes": 18.2543303,
  "remaining_minutes": 0.8031905332
}